品目	標準原価
11251014200	1153
11251014201	1822
26062001300	2843
54999087200	4300
89101794500	1370
970001450	950
970001460	1270
970001461	274
970102500	15185
970102510	20456
970103170	7790
970103983	3393
970104980	7494
970104990	12733
970105000	1843
970105001	2838
970105002	3490
970105782	27471
970105784	27466
970105785	30965
970105930	1651
970105932	6774
970106072	34025
970106076	36757
970106170	17915
970106210	21242
970106220	20268
970106221	19784
970106222	7829
970106223	7418
970106280	1833
970106300	2687
970106450	2081
970106860	46299
970106870	2169
970106913	19348
970106919	19370
970107640	1891
970107760	2491
970107761	2803
970107800	2782
970107801	2647
970107802	2647
970110090	22258
970110960	15437
970111610	15134
970111611	15127
970111800	30937
970111932	26317
970111940	1841
970111960	22453
970112140	4117
970112443	4591
970112530	8329
970112800	44133
970300030	1750
970400713	1752
970400714	1761
970400718	1252
970402351	15959
970402352	15600
970402356	15959
970402357	15600
970404370	2491
970404895	1465
970405160	6175
970405170	4263
970405190	6137
970405192	5589
970405210	2125
970405220	6519
970405230	4891
970405240	1415
970405241	3155
970405242	2858
970405260	5093
970405450	4596
970405460	3820
970407060	7601
970407070	5796
970407140	14983
970500290	2423
970500520	7801
970500530	7546
970500531	1278
970500550	2876
970500551	1076
970500620	981
970500621	339
970500630	3036
970500631	3114
970500632	2746
970500633	2664
970500634	2019
970500635	2703
970500636	2904
970500637	1009
971030101	66527
971030103	66534
971030106	66531
971030107	30917
971030108	89205
971030109	70288
971030110	89201
971030111	63694
971030112	39294
971030113	53065
971030114	63879
971030115	59151
971030116	89204
971030123	17604
971030124	23555
971030126	23585
971030127	16367
971030135	17477
971030136	24555
971030137	22087
971030138	23563
971030139	20939
971030168	53398
971030169	53393
971030191	19386
971203224	61803
974100619	1260
974100628	1020
97K000313	407
97K025118	22505
97K025119	19682
97K025120	20626
97K025121	20912
97K050004	2831
97K050005	2833
97K050006	2833
97K057808	27472
97K059303	4063
97K059306	3672
97K060710	35122
97K061002	7158
97K068606	46146
97K068607	40255
97K069131	23626
97K0691D1	19372
97K0691D2	19375
97K077615	2522
97K077622	2428
97K077642	1974
97K077643	2427
97K077644	2434
97K077650	2810
97K077673	1980
97K077674	3223
97K077680	1973
97K077687	2378
97K078006	1938
97K090714	16105
97K094435	39843
97K094442	39850
97K094444	53394
97K094481	53379
97K094485	70281
97K0944D9	61799
97K0944E3	61783
97K0944E4	64168
97K0944F0	88442
97K0944F1	88441
97K0944H0	53516
97K0944I3	61798
97K0944M6	53405
97K0944M7	53399
97K0944N0	53403
97K0944N2	30936
97K0944N3	95297
97K0944O1	67140
97K0944O2	30997
97K0944P1	96959
97K0944P4	34945
97K0944P6	60004
97K094606	23534
97K094611	23563
97K094612	23553
97K094614	23555
97K094616	23562
97K094620	23862
97K094623	23539
97K094630	23544
97K094637	23592
97K094638	23551
97K100909	19123
97K101219	17611
97K102706	22960
97K102708	19284
97K102803	25689
97K108606	44138
97K108626	48608
97K108629	46112
97K109314	21912
97K109316	25573
97K109320	22454
97K109328	22478
97K109329	22601
97K109330	22599
97K109331	22045
97K109339	22505
97K109351	22302
97K109359	23479
97K109360	27788
97K109361	24946
97K109362	22554
97K109363	25168
97K109367	21956
97K112325	21217
97K112334	18599
97K112343	10299
97K112345	17812
97K112347	20281
97K116102	7722
97K119310	26758
97K119311	15051
97K128059	46521
97K128069	47135
97K128070	47630
97K128072	46803
97K128079	21822
97K128088	26869
97K128096	15422
97K1280A0	46297
97K1280A8	44661
97K129003	3775
97K133301	8864
97K134100	15300
97K134101	8549
97K134107	8563
97K134110	13206
97K134113	5448
97K134125	15299
97K134400	4699.57
97K156500	5483
97K158000	32865
97K158002	30249
97K160402	3020
97K162000	17175
97K162001	17206
97K162304	1362
97K162309	6905
97K162327	6733
97K170000	42303
97K170003	50920
97K170005	52603
97K170014	50834
97K170100	27223
97K170101	23938
97K170102	28221
97K170103	25841
97K170106	17229
97K170309	13426
97K170310	13215
97K170311	13357
97K170312	13287
97K170313	13128
97K172604	10467
97K173600	3652
97K174910	36665
97K174911	31496
97K174925	46563
97K174926	33120
97K174927	25572
97K174928	32819
97K174930	30510
97K174932	37231
97K174933	46777
97K175000	2921
97K175200	24370
97K175228	24306
97K175230	24291
97K175236	25561
97K175809	12301
97K176903	16347
97K176905	16358
97K177300	4092
97K177400	10165
97K177404	10161
97K119320	24584
97K119323	24233
97K126601	11167
97K128003	49609
97K128015	20019
97K128020	46668
97K128021	20047
97K128029	45445
97K128039	22023
97K1280C1	59991
97K1280C2	59991
97K1280C6	44126
97K1280D3	44270
97K1280D4	46431
97K1280E3	47703
97K129000	6166
97K129001	2223
97K129002	6376
97K142515	15929
97K150700	4396
97K150701	6476
97K150704	5153
97K153416	13086
97K153512	11660
97K153712	11246
97K154800	13540
97K154809	16407
97K162341	8409
97K164302	2173
97K164303	2515
97K164306	1479
97K164600	13801
97K169800	12294
97K169801	21566
97K169805	18984
97K169900	42765
97K170107	11123
97K170108	13239
97K170111	30296
97K170113	11859
97K170118	27218
97K170120	25209
97K170121	13712
97K170307	13289
97K170308	15098
97K174912	41816
97K174913	41791
97K174914	30279
97K174915	11922
97K174916	34373
97K174917	33885
97K174918	42716
97K174920	41837
97K174922	36799
97K175204	24372
97K175208	24465
97K175211	24310
97K175213	24313
97K175215	24626
97K175216	24627
97K175217	24306
97K175220	24305
97K175222	23686
97K177406	9465
97K177418	10170
97K177425	10174
97K177426	10162
97K177435	10163
97K177442	10145
97K177443	10145
97K177452	10871
97K177469	10157
97K177473	10173
97K177476	10875
97K177477	10855
97K177480	10176
97K177482	10879
97K177485	10175
97K177487	12783
97K177488	10165
97K178300	21615
97M059600	7421
97M064703	3787
998421331	3712
998421350	14734
998431350	14002
998431351	11120
998431613	4004
998431616	13525
998431700	12858
998433511	8766
998433550	5714
998433950	7583
998434200	8831
998434390	25304
998434392	29140
998434670	6467
998434700	2358
998434710	9383
998434850	30434
998434970	6355
998434990	16891
998435009	38068
998435083	8191
998435084	6303
998435130	3813
998435201	16075
998435330	15330
P00A0617403	31029
P00A0635900	39761
P00A0636000	11021
P00A0636400	22004
P00A0636401	20562.07
P00A0636500	36045
P00A0636501	35022.404
P00A0636700	3908
P00A0636701	3705
P00A0700201	3777
P00A0700203	5486
P00A0700204	5486
P00A0700800	3512
P00A0701000	2029
P00A0701300	11601
P00A0701301	11470.155
P00A0702100	5244
P00A0702101	1513.623
P00A0703006	52400
P00A0703200	2879
P00A0703400	8843
P00A0703403	9082.265
P00A0703404	9101
P00A0703600	16948
P00A0703700	20630
P00A0703900	14239
P00A0704000	4457
P0A227205	3998
P0A227206	3960
P0A228900	16849
P0A230202	21570
P0A230203	24448
P0A230300	18871
P0A230302	18946
P0A230500	14841
P0A230502	4256
P0A238300	47818
P0A238400	23978
P0A239500	876
P0A243200	4990
P0A243300	4892
P0A243400	633
P0A243401	958
P0A243403	137.41
P0A243404	37600
P0A245600	6716
P0A245601	5581
P0A245602	6715
P0A245603	6710
P0A245800	5913
P0A246000	6949
P0A246101	11218
P0A249600	20140
P0A250503	3020
P0A261004	668
P0A261500	10149
P0A261505	10141
P0A261526	11645
P0A261527	10162
P0A261528	27894
P0A261531	19131
P0A261532	11645
P0A261600	3948
P0A263705	12420
P0A263709	12351
P0A263800	21294
P0A264601	9121
P0A265500	5288
P0A265801	17822
P0A265808	24668
P0A265809	17807
P0A265810	27366
P0A277001	6537
P0A277201	8276
P0A277500	5558
P0A277900	2202
P0A277901	2160
P0A277902	2140
P0A277904	2355
P0A278500	10665
P0A278600	6556
P0A279803	30890
P0A279804	22425
P0A279805	21975
P0A279807	29125
P0A279808	28652
P0A279809	27717
P0A279814	23451
P0A279815	29009
P0A279817	29518
P0A279834	12781
P0A279835	29237
P0A279838	26613
P0A279840	28658
P0A279846	28990
P0A279850	12753
P0A279854	12673
P0A279856	20446
P0A279900	35900
P0A279901	35669
P0A279902	8747
P0A279903	36180
P0A279904	35970
P0A279905	35816
P0A279906	28077
P0A279907	35880
P0A279908	35683
P0A279913	36195
P0A280006	45525
P0A280007	45028
P0A280008	46135
P0A280009	45350
P0A280010	44871
P0A280011	45625
P0A280014	46502
P0A280016	43086
P0A280017	42724
P0A286421	38852
P0A286422	38852
P0A286423	34003
P0A292100	27071
P0A293100	57507
P0A293101	58108
P0A293102	51678
P0A293104	56085
P0A293106	57941
P0A294500	2718
P0A294600	2751
P0A297603	5938
P0A297612	18762
P0A297614	5384
P0A297615	18807
P0A297616	5156
P0A297619	17774
P0A297621	18591
P0A305202	6505
P0A306400	5281
P0A306500	4252
P0A306600	5940
P0A308100	4725
P0A308102	4164
P0A308103	0
P0A308200	32823
P0A308300	8461
P0A308706	5815
P0A309408	6138
P0A309409	6138
P0A309410	6138
P0A309411	6138
P0A309412	6141
P0A309413	11440
P0A309414	11396
P0A309415	11396
P0A309416	9798
P0A309432	10702
P0A309433	6138
P0A309600	1798
P0A309706	3843
P0A309710	3480
P0A313700	1685
P0A314100	18729
P0A314200	13303
P0A314202	13721
P0A318600	3609
P0A319416	66748
P0A319424	38971
P0A319425	66921
P0A320100	15178
P0A320517	23455
P0A320520	25057
P0A320700	2514
P0A320900	19009
P0A279914	35664
P0A279915	27771
P0A279919	27950
P0A279923	34438
P0A279925	27992
P0A280000	47461
P0A280002	45813
P0A280003	45089
P0A280004	45071
P0A280018	41947
P0A280028	46091
P0A280100	7918
P0A286407	38852
P0A286408	38852
P0A286409	38895
P0A286412	39038
P0A286413	38844
P0A286420	38852
P0A293108	59163
P0A293110	58894
P0A293112	58106
P0A293121	25566
P0A293134	25367
P0A293138	48023
P0A293152	58300
P0A294300	4315
P0A294400	2720
P0A297622	18493
P0A297629	5414
P0A297630	17693
P0A297631	18519
P0A297632	18760
P0A299300	3179
P0A302000	8617
P0A303403	8288
P0A305200	8692
P0A308303	3796
P0A308400	2507
P0A308401	1461
P0A308500	1623
P0A308501	938
P0A308600	33501
P0A308603	55327
P0A308604	42332
P0A308700	12121
P0A309417	6142
P0A309418	9526
P0A309419	12085
P0A309424	11986
P0A309427	9843
P0A309428	9843
P0A309429	9843
P0A309430	9843
P0A309431	10637
P0A314300	2323
P0A314500	2186
P0A314800	1808
P0A316100	42238
P0A316101	13445
P0A316102	14739
P0A316104	31613
P0A316107	31652
P0A316200	3729
P0A321300	3207
P0A321301	1237
P0A321900	1709
P0A321902	0
P0A324500	51318
P0A324501	17985
P0A325600	3499
P0A325601	3006
P0A326000	36387
P0A326100	11578
P0A326200	17179
P0A326201	3004
P0A326601	9655
P0A326603	9655
P0A326604	8657
P0A326800	29819
P0A326803	35188
P0A326805	28642
P0A328902	22496
P0A328904	16743
P0A328905	34147
P0A329600	16250
P0A329601	35273
P0A330600	37235
P0A330900	7862
P0A331000	1002
P0A331100	552
P0A336703	628
P0A336704	913
P0A336705	501
P0A336706	43.08
P0A336707	1190
P0A340202	5424
P0A340601	3512
P0A340605	3052
P0A340800	12749
P0A344900	9047
P0A347010	12181
P0A347011	11833
P0A347012	11127
P0A347014	11773
P0A347015	11773
P0A348100	2651
P0A348300	1568
P0A348301	2422
P0A357124	59690
P0A357126	65818
P0A357128	53687
P0A357501	1228
P0A357502	2843
P0A358001	2739
P0A358002	1547
P0A358400	5515
P0A359400	2252
P0A360011	15589
P0A360200	13253
P0A360201	15695
P0A360500	10656
P0A360901	37829
P0A360902	31279
P0A361300	11355
P0A361303	6736
P0A361700	3246
P0A365902	2449
P0A367100	28671
P0A367101	27804
P0A367300	4906
P0A367500	12701
P0A367501	8262
P0A367502	8467
P0A367600	2200
P0A368402	44351
P0A375001	3203
P0A375002	2497
P0A380500	5712
P0A381201	7202
P0A381202	7488
P0A381203	3667
P0A381301	7079
P0A381400	11537
P0A382701	1197
P0A327500	34420
P0A327601	10702
P0A327902	13267
P0A327903	6903
P0A327906	7039
P0A328100	3236
P0A328400	667
P0A328900	23207
P0A328901	29882
P0A335100	5390
P0A335202	4304
P0A336206	2583
P0A336600	1069
P0A336602	1539
P0A336603	1244
P0A336607	1333
P0A336700	496
P0A336701	1190
P0A340802	12771
P0A340901	5945
P0A342300	2064
P0A342400	1481
P0A342900	10170
P0A342903	11780
P0A342905	9596
P0A343300	3873
P0A344825	34858
P0A351000	13819
P0A351200	2505
P0A353001	2816
P0A354000	14098
P0A354500	977
P0A354800	2293
P0A357100	57836
P0A357111	61978
P0A357113	16706
P0A360000	12322
P0A360003	11785
P0A360004	20777
P0A360005	19480
P0A360006	17920
P0A360007	19209
P0A360008	19266
P0A360009	4918
P0A360010	11354
P0A363900	27438
P0A364800	19679
P0A364802	15122
P0A365100	12208
P0A365102	8950
P0A365107	6493
P0A365800	1258
P0A365900	2774
P0A365901	2517
P0A369100	10862
P0A369801	12099
P0A369900	2987
P0A370200	7418
P0A372700	4522
P0A372701	1455
P0A373600	8081
P0A374602	1203
P0A375000	2848
P0A382800	11331
P0A383000	25804
P0A383001	34248
P0A384700	1967
P0A384800	7115
P0A387000	9631
P0A387100	4792
P0A387200	17582
P0A387500	60496
P0A387514	60658
P0A387900	8521
P0A388500	1277
P0A389900	11494
P0A390000	9656
P0A392700	2680
P0A392704	2680
P0A392705	13269
P0A392708	2679
P0A397213	61016
P0A397221	9098
P0A397300	33190
P0A397304	34175
P0A397307	33106
P0A397308	11890
P0A399900	4900
P0A400500	8364
P0A400700	5264
P0A416000	11706
P0A419000	4982
P0A420300	15303
P0A421500	8756
P0A421503	8756
P0A421505	8811
P0A421509	9005
P0A421520	8614
P0A421522	7267
P0A433621	10388
P0A433622	10388
P0A433625	8767
P0A433626	15394
P0A433627	17280
P0A434100	1901
P0A434101	3144
P0A434900	2609
P0A435000	29107
P0A435612	13481
P0A435617	11095
P0A435621	11503
P0A435622	10713
P0A435625	12006
P0A435626	12006
P0A435627	10384
P0A435630	12789
P0A435631	10384
P0A436005	8560
P0A436007	3027
P0A436012	11366
P0A436013	6162
P0A437300	63828
P0A437301	63828
P0A437302	63828
P0A437303	63828
P0A437304	21762
P0A444600	34507
P0A445401	94500
P0A445500	3099
P0A445600	5508
P0A445700	16989
P0A445800	28804
P0A445805	54773
P0A445900	8563
P0A446000	9000
P0A447309	35045
P0A447701	1260
P0A447800	3465
P0A448100	11320
P0A448102	13775
P0A449201	39066
P0A449300	25322
P0A449302	6242
P0A449303	25286
P0A392709	2680
P0A392712	2670
P0A392713	2674
P0A396906	38686
P0A396907	38689
P0A397201	57801
P0A397202	14133
P0A397203	13074
P0A397206	57811
P0A400900	4816
P0A400901	2946
P0A402800	14166
P0A402900	7467
P0A403500	2468
P0A403800	5470
P0A406300	5605
P0A406500	9376
P0A406501	13430
P0A422000	4604
P0A422100	11221
P0A433500	6255
P0A433600	11519
P0A433611	10928
P0A433613	5243.1
P0A433615	10432
P0A433616	9261.368
P0A433617	10735
P0A435100	21696
P0A435600	12006
P0A435601	14596
P0A435602	11986
P0A435603	12001
P0A435605	13465
P0A435606	13900
P0A435607	12006
P0A435611	12006
P0A435636	11100
P0A435638	13481
P0A435640	12001
P0A435648	10384
P0A435651	10399
P0A436001	3410
P0A436002	10702
P0A436003	2872
P0A436004	3181
P0A439300	12472
P0A440701	20209
P0A440703	20203
P0A440712	20195
P0A440800	1689
P0A440900	50742
P0A441001	3939
P0A441900	15751
P0A442000	1295
P0A446100	6919
P0A446101	9193
P0A446102	6909
P0A446800	16303
P0A447100	6020
P0A447300	25408
P0A447303	36136
P0A447306	35559
P0A447308	20663
P0A449305	27220
P0A449306	24824
P0A449315	25123
P0A449400	1992
P0A449401	334
P0A449405	2348
P0A451302	42683
P0A451306	36714
P0A451700	3730
P0A452001	10070
P0A452002	9492
P0A452006	7763
P0A452100	4744
P0A452108	2066
P0A452201	2574
P0A452203	8101
P0A452207	4331
P0A452208	8464
P0A453100	6487
P0A453102	8284
P0A453600	3103
P0A453602	2833
P0A453604	3879
P0A453606	2928
P0A453610	2857
P0A453620	6160
P0A454000	34284
P0A455603	5195
P0A455700	1364
P0A456000	7719
P0A456600	850
P0A458100	12547
P0A458300	1156
P0A459000	7039
P0A459001	7276
P0A459300	12128
P0A460513	4432
P0A460515	15159
P0A460520	12553
P0A460528	12562
P0A460530	2804
P0A460532	13153
P0A460535	12637
P0A460536	12548
P0A460539	9336
P0A460611	10543
P0A460612	10037
P0A460900	3524
P0A461000	1785
P0A461001	1632
P0A461002	2329
P0A461100	12862
P0A461300	26907
P0A461400	20215
P0A462106	3083
P0A462300	2971
P0A462301	4741
P0A462600	2833
P0A463400	540
P0A463600	5431
P0A464000	2533
P0A464501	24603
P0A464601	35662
P0A464813	9510
P0A464814	6445
P0A464815	9047
P0A464816	9386
P0A464817	9570
P0A464818	6074
P0A464820	6103
P0A464821	9384
P0A464822	9433
P0A464840	9761
P0A464841	9936
P0A464842	9243
P0A464843	10429
P0A464845	9046
P0A464847	9166
P0A464849	6099
P0A452403	18134
P0A452500	8681
P0A452600	3415
P0A452603	3020
P0A452606	2736
P0A453000	9607
P0A453003	9604
P0A453005	6501
P0A453006	6773
P0A454001	38429
P0A454300	4977
P0A454800	11778
P0A454900	8979
P0A454907	4706
P0A454911	4708
P0A455002	4325
P0A455202	3664
P0A455600	5199
P0A460500	10710
P0A460501	12624
P0A460502	12558
P0A460503	12554
P0A460504	4419
P0A460505	12817
P0A460506	12712
P0A460507	12624
P0A460511	4427
P0A460512	12463
P0A460541	12650
P0A460543	12808
P0A460548	12549
P0A460549	12813
P0A460550	12531
P0A460600	10498
P0A460601	10193
P0A460605	10535
P0A460610	10514
P0A461500	1944
P0A461600	2608
P0A461601	2893
P0A461603	2893
P0A461800	4356
P0A461802	4356
P0A461900	5226
P0A462002	9567
P0A462100	9200
P0A464800	7772
P0A464803	8144
P0A464804	9151
P0A464805	9301
P0A464806	7209
P0A464808	9161
P0A464809	7775
P0A464811	8935
P0A464812	9176
P0A464823	9063
P0A464824	8960
P0A464825	9984
P0A464826	8902
P0A464827	8874
P0A464832	9047
P0A464833	9774
P0A464836	8885
P0A464837	9455
P0A464856	9268
P0A464859	10247
P0A464861	9389
P0A464862	10429
P0A464863	8944
P0A464864	8960
P0A464868	10025
P0A464874	10298
P0A464875	9304
P0A464886	9279
P0A464889	10414
P0A464891	9398
P0A464897	9175
P0A464899	9435
P0A4648A4	9360
P0A4648A7	9288
P0A4648B3	9250
P0A4648B6	8959
P0A466111	17056
P0A466118	12540
P0A466119	14433
P0A466123	17306
P0A466124	16287
P0A466125	16069
P0A466126	14861
P0A466127	14909
P0A466128	12678
P0A467801	11747
P0A468400	3807
P0A468407	3807
P0A468412	3806
P0A469500	3019
P0A469900	22087
P0A469901	22091
P0A469902	19827
P0A470000	2436
P0A471400	8063
P0A471402	13091
P0A471500	2046
P0A471501	2057
P0A471502	2241
P0A471600	3596
P0A472000	8856
P0A472001	8894
P0A472301	4158
P0A474000	1563
P0A474002	3293
P0A474101	1923
P0A474102	3908
P0A474103	3093
P0A474104	1330
P0A474105	1328
P0A474300	1081
P0A474600	23674
P0A477200	6953
P0A477800	2508
P0A477801	2054
P0A477805	1751
P0A478000	1350
P0A478001	1103
P0A478002	1109
P0A478003	759
P0A478006	775
P0A480003	1423
P0A480005	999
P0A480400	2576
P0A480401	1255
P0A480500	13628
P0A480801	14579
P0A480802	20849
P0A481100	4016
P0A481102	2366
P0A483706	22219
P0A483806	23476
P0A483811	8316.63
P0A483900	2535
P0A483921	2850
P0A483925	2541
P0A483926	7375
P0A483927	2536
P0A484004	2607
P0A465000	8927
P0A465202	2453
P0A466100	17144
P0A466103	17435
P0A466104	15250
P0A466105	18435
P0A466107	17033
P0A466109	11517
P0A466110	15765
P0A466900	10905
P0A467401	10986
P0A467402	10983
P0A467403	23325
P0A467404	23325
P0A467406	24985
P0A467407	24996
P0A467500	9906
P0A467800	11454
P0A470300	11650
P0A470800	13239
P0A470802	9676
P0A470803	12675
P0A471100	1657
P0A471103	1688
P0A471300	14588
P0A471302	14588
P0A471305	5576
P0A472700	12958
P0A472701	14895
P0A472702	7141
P0A472703	14235
P0A473100	45463
P0A473600	6744
P0A473603	6744
P0A473800	8466
P0A473900	6967
P0A474601	25648
P0A474701	9113
P0A474706	3079
P0A475900	17435
P0A476000	16310
P0A476100	4114
P0A476101	4086
P0A476400	456
P0A476600	2314
P0A478600	11495
P0A478601	10855
P0A478602	11159
P0A478603	10404
P0A479201	22072
P0A479400	3952
P0A479401	4812.067
P0A480000	1489
P0A480001	1221
P0A481300	25229
P0A481900	3451
P0A481901	2048.506
P0A481902	2215
P0A481911	2044.886
P0A481914	3657
P0A483000	20809
P0A483100	1413
P0A483703	13960
P0A484007	5112
P0A484008	4414
P0A486600	4619
P0A487300	4405
P0A487400	1477
P0A487401	1201
P0A487500	1077
P0A487501	1220
P0A487502	859
P0A487600	3967
P0A487601	3338
P0A487800	1072
P0A487801	889
P0A487900	2628
P0A488100	10435
P0A488600	10043
P0A488700	6019
P0A488800	31944
P0A491404	8944.539
P0A491504	864.96
P0A491602	2307.84
P0A491700	5592
P0A491706	824.31
P0A491711	5215
P0A491712	3191
P0A491714	5523
P0A491900	5288
P0A494300	3731
P0A494304	4678
P0A494305	4653
P0A494401	1892
P0A494402	1892
P0A495700	2060
P0A496000	3440
P0A496001	3439
P0A496101	6730.835
P0A498403	2258.105
P0A498404	3670
P0A498405	4168
P0A498500	6215
P0A498505	5946
P0A498601	5604.24
P0A498701	2748.244
P0A499300	1747
P0A499400	69296
P0A502200	2300
P0A503802	1130.88
P0A504000	4172
P0A504106	5861
P0A504700	3625
P0A504701	3375
P0A505000	435
P0A505001	798
P0A505100	33686
P0A506301	20813
P0A506302	19456
P0A506500	25538
P0A506502	26096
P0A506600	9146
P0A507200	17745
P0A507204	27430
P0A507206	20989
P0A507400	7242
P0A507615	127146
P0A507700	24154
P0A507701	18933
P0A507703	17948
P0A508100	3884
P0A508103	6833
P0A508104	4716
P0A508105	4276
P0A508201	911.536
P0A510800	15416
P0A510900	9733
P0A511000	11475
P0A511200	13163
P0A511700	21041
P0A511702	11359.36
P0A511900	1153
P0A511901	813
P0A512000	2786
P0A488802	39499
P0A488807	33576
P0A489000	3543
P0A489800	7826
P0A490100	10914
P0A490200	8356
P0A490901	5807
P0A490903	4136
P0A491200	1324
P0A492010	672.11
P0A494000	3759
P0A494206	2721
P0A494207	2673
P0A494208	2707
P0A494209	6891
P0A494211	2675
P0A494214	2704
P0A494215	2727
P0A496103	5472.36
P0A496104	9715.257
P0A496301	5472.36
P0A496801	1098
P0A497701	6187.276
P0A498001	2746.69
P0A498100	6088
P0A498301	4554.95
P0A498401	1241.4
P0A499401	70333
P0A499402	70335
P0A500600	15749
P0A501100	11330
P0A501201	251.827
P0A501206	673.25
P0A501209	1630
P0A501300	5210
P0A501501	217.53
P0A505101	69207
P0A505109	72495
P0A505111	72322
P0A505117	31407
P0A506000	6156
P0A506001	3888
P0A506202	19304
P0A506203	10948.415
P0A506300	19533
P0A507401	6977
P0A507402	6977
P0A507403	7242
P0A507405	5574
P0A507406	5947
P0A507500	113063
P0A507521	68251
P0A507528	104312
P0A507600	133683
P0A508301	1327.69
P0A508400	8418
P0A508401	8702
P0A508406	7275
P0A508407	8564
P0A508600	1337
P0A508701	1267
P0A509200	46730
P0A510700	21629
P0A512100	6286
P0A512200	1919
P0A512201	2303
P0A512202	2848
P0A512203	2200
P0A512400	1561
P0A512401	2005
P0A512602	25109
P0A512603	34579
P0A512604	34579
P0A512800	6024
P0A512801	6862
P0A512802	4995
P0A512803	7452
P0A512804	5756
P0A512806	5272
P0A512807	6861
P0A512809	7447
P0A514701	2048
P0A515001	99300
P0A515701	7826.155
P0A515705	8421.616
P0A515712	9339
P0A516000	1140
P0A516104	3677
P0A516106	4118
P0A516500	3302
P0A520802	15852
P0A523602	8831.26
P0A523603	10011
P0A524601	372.33
P0A524700	1864
P0A525001	1872
P0A525205	2919
P0A525401	1881
P0A525405	1773
P0A530100	22311
P0A530102	24851
P0A530200	47854
P0A530600	2038
P0A530715	4417
P0A530718	11330
P0A530719	11342
P0A530721	11336
P0A530800	45863
P0A532010	24877
P0A532011	24855
P0A532012	25029
P0A532013	24886
P0A532014	14129
P0A532015	14129
P0A532400	22005
P0A532405	26938.753
P0A532504	2765
P0A533902	12326
P0A533903	24515
P0A534000	24850
P0A534003	19336
P0A534100	20187
P0A535804	629
P0A535900	6133
P0A536700	28213
P0A536701	20754
P0A537703	18352
P0A537704	8642
P0A537802	4111
P0A537805	4312
P0A537806	4111
P0A537807	3983
P0A538300	2006
P0A538301	2224
P0A538400	1976
P0A539406	3100
P0A540501	32391
P0A540700	3588
P0A540701	3661
P0A540702	2129
P0A542700	26173
P0A542701	20311
P0A542704	26413
P0A543200	7981
P0A512812	6857
P0A512900	5164
P0A513102	2540
P0A513200	1180
P0A513201	723.73
P0A513202	1320
P0A513500	790
P0A514201	9108.63
P0A514700	1060
P0A517400	7472
P0A517900	20252
P0A517913	29313
P0A518000	11513
P0A518002	21269
P0A518400	3565
P0A519700	7687
P0A519803	2234
P0A520600	4259
P0A525406	1590.247
P0A525600	1824
P0A526100	7909
P0A526104	14529
P0A527000	13608
P0A527001	5614
P0A527500	2806
P0A527800	4283
P0A527900	925
P0A531600	47649
P0A532000	25447
P0A532001	11237
P0A532002	11371
P0A532003	11362
P0A532006	25482
P0A532007	14156
P0A532008	23537
P0A532009	24087
P0A532513	2656
P0A532515	2857
P0A532516	2797
P0A532517	2771
P0A532519	2732
P0A532520	2738
P0A533100	7848
P0A533200	3820
P0A533900	24803
P0A536703	17153
P0A536800	22353
P0A537200	18594
P0A537300	29692
P0A537400	11021
P0A537403	9667
P0A537404	10103
P0A537600	84027
P0A537700	8928
P0A538600	60297
P0A538601	57695
P0A538604	54969
P0A539200	4168
P0A539300	20338
P0A539303	10906.88
P0A539304	16834.268
P0A539400	3092
P0A539404	3069.179
P0A543300	10589
P0A543400	7602
P0A543500	6098
P0A543600	7379
P0A543601	8694
P0A544000	111326
P0A544001	122652
P0A544300	16506
P0A544400	16964
P0A544401	28900
P0A544802	10800
P0A544803	5013.452
P0A544815	4977.883
P0A544822	7914
P0A544900	4440
P0A544901	2694.21
P0A544907	4565
P0A545000	3996
P0A546606	16551
P0A546607	8898.537
P0A546609	8852.92
P0A546700	7664
P0A546701	1713.53
P0A547700	8078
P0A547701	2482.05
P0A547900	2491
P0A547901	885.512
P0A549900	2935
P0A549901	663.18
P0A549903	2446
P0A550101	9340
P0A550200	740
P0A550201	1282
P0A550600	1011
P0A551000	4159
P0A551002	4284
P0A552500	33185
P0A552501	32305
P0A552504	32306
P0A552505	32303
P0A552506	32307
P0A552507	32307
P0A552600	21092
P0A552700	7619
P0A552706	3358
P0A552729	6694
P0A552800	1243
P0A553607	28437
P0A553700	19351
P0A553800	19510
P0A553900	30341
P0A554000	23264
P0A554100	5558
P0A554200	2322
P0A554905	8173.338
P0A554907	8189.033
P0A554918	13707
P0A555000	3330
P0A555001	1096.65
P0A555100	1434
P0A555101	207.69
P0A556000	1553
P0A556401	1963.75
P0A557400	15456
P0A557401	3968.615
P0A557404	19469
P0A557406	16864
P0A557407	3979.892
P0A557408	19469
P0A557409	3972.714
P0A557410	16918
P0A557412	19209
P0A557500	16963
P0A557600	8548
P0A557602	9530
P0A557603	5896.412
P0A557700	7337
P0A557701	2886.2
P0A557702	5586
P0A557802	15436
P0A557803	5395.837
P0A545100	5238
P0A545203	2386
P0A545900	2151
P0A546000	2017
P0A546001	787.021
P0A546002	695.516
P0A546401	19427
P0A546601	7912.46
P0A546604	15402
P0A547903	2268
P0A547904	1835
P0A547908	1883
P0A548400	11552
P0A548401	14814
P0A549300	12630
P0A549600	4012
P0A549700	964
P0A549800	4479
P0A551004	2580
P0A551005	1476.216
P0A551200	3491
P0A551201	3535
P0A551301	7538.401
P0A551600	9701
P0A551801	3854
P0A552100	3841
P0A552200	3370
P0A552715	3853.903
P0A552716	7976
P0A552721	15084
P0A552722	3050
P0A552723	2880
P0A552724	9413
P0A552726	3091
P0A552727	2758
P0A552728	2603
P0A554300	5681
P0A554500	11071
P0A554803	5116.69
P0A554808	22714
P0A554809	37476
P0A554812	17353
P0A554900	12264
P0A554901	7457.183
P0A554904	15309
P0A556601	1716.51
P0A556900	12620
P0A556901	3697.26
P0A557000	3343
P0A557200	4752
P0A557202	5733
P0A557203	3229.763
P0A557300	12972
P0A557301	11380.63
P0A557416	16674
P0A557417	4608.782
P0A557420	18896
P0A557422	19448
P0A557424	19299
P0A557428	4482
P0A557432	19447
P0A557434	18990
P0A557436	19078
P0A557804	15203
P0A557806	13842
P0A557807	5287.521
P0A557900	11711
P0A557901	5887.129
P0A557902	6924
P0A558100	22057
P0A558102	14597
P0A558103	15127.831
P0A558200	1663
P0A559400	11078
P0A559700	5963
P0A559705	1310
P0A559706	3566
P0A559707	7526
P0A560000	11316
P0A560001	4785.38
P0A560002	5840
P0A560702	5839
P0A560904	6260
P0A561000	17043
P0A561001	12611.713
P0A561004	19791
P0A561006	18343
P0A561008	29835
P0A561010	20895
P0A561200	8726
P0A562800	4073
P0A563000	4672
P0A563001	8323
P0A564607	1785
P0A564700	16084
P0A564701	7332.55
P0A564704	26609
P0A564800	6610
P0A564802	2624
P0A565906	2861
P0A565907	819.527
P0A565908	2768
P0A565909	958.515
P0A565910	2533
P0A565911	840.278
P0A565912	2543
P0A565914	3868
P0A565916	2609
P0A568306	15422
P0A568308	14562
P0A568309	9561.307
P0A568310	21875
P0A568312	25289
P0A568314	18631
P0A568600	12225
P0A568602	10227
P0A568802	13658
P0A571200	1714
P0A571201	766.892
P0A571403	4517
P0A572000	2216
P0A572001	2226
P0A572002	2230
P0A572003	2236
P0A572100	3450
P0A572200	14492
P0A573503	6036.884
P0A573504	10180
P0A573505	6522.673
P0A573506	16071
P0A573507	6472.366
P0A573508	22444
P0A573510	27341
P0A573602	10049
P0A573604	11071
P0A575000	22803
P0A575400	13316
P0A575500	24445
P0A575800	7166
P0A575801	7108
P0A576400	14510
P0A576900	14871
P0A577002	22398
P0A577003	22453
P0A578000	5999
P0A578200	4669
P0A578300	645
P0A578400	34356
P0A578402	42358
P0A579000	1896
P0A579100	31197
P0A579101	35254
P0A580800	23174
P0A580801	22578
P0A581000	6675
P0A582104	1315
P0A583300	1581
P0A583900	4751
P0A584000	2447
P0A584700	3038
P0A584900	1759
P0A584901	751.931
P0A588000	20228
P0A588801	12227
P0A588900	6597
P0A589101	1718.8
P0A589200	8690
P0A589400	13916
P0A589700	4174
P0A589900	5921
P0A589902	6233
P0A590700	7654
P0A590701	6839
P0A590702	3338
P0A590703	3622
P0A590704	3143
P0A590705	6793
P0A590900	16774
P0A591000	28655
P0A591100	20538
P0A592702	1760
P0A592703	716.602
P0A593200	32298
P0A593700	728
P0A593701	501
P0A594000	2748
P0A594600	2951
P0A594601	2228.486
P0A595201	19140
P0A597300	1225
P0A597400	2860
P0A597500	13128
P0A597600	6053
P0A598000	40270
P0A598100	32250
P0A598800	13946
P0A598802	10228
P0A598803	8857.296
P0A601705	5715
P0A601712	6910
P0A601714	10357
P0A601715	11941
P0A601716	25686
P0A601720	3494
P0A601900	10968
P0A601904	11295
P0A601905	9456.213
P0A602303	22984
P0A602801	24314.595
P0A602900	26415
P0A602903	39174
P0A603000	3409
P0A603100	24863
P0A603200	29828
P0A603300	6811
P0A603400	28173
P0A604502	3736
P0A604503	2689.808
P0A604504	3342
P0A604700	1128
P0A604701	809.335
P0A604702	1128
P0A604900	936
P0A604901	700.173
P0A605000	19138
P0A585100	7923
P0A585800	2087
P0A585801	994.195
P0A585802	1696
P0A586102	4574
P0A586300	9488
P0A586800	5407
P0A586900	12533
P0A587300	10348
P0A590000	5030
P0A590100	11679
P0A590200	812
P0A590400	1057
P0A590401	862.432
P0A590500	1986
P0A590600	18880
P0A590601	14631
P0A590602	18657
P0A591600	2607
P0A591602	2609
P0A591800	26261
P0A592100	2809
P0A592102	4085
P0A592202	12310
P0A592302	2386
P0A592502	35889
P0A592602	6602
P0A595400	8675
P0A595900	21627
P0A596400	46098
P0A596900	22377
P0A596901	25862
P0A596902	17707
P0A597000	13713
P0A597200	2597
P0A597201	4842
P0A599200	18345
P0A599700	1981
P0A601400	4897
P0A601402	3129
P0A601403	3110
P0A601404	4897
P0A601405	4365
P0A601701	4520
P0A601704	3947
P0A602002	9917
P0A602003	5964.518
P0A602004	8183
P0A602005	5976.401
P0A602102	2067
P0A602200	3856
P0A602300	13805
P0A602301	5982.483
P0A602302	4827
P0A603500	8791
P0A604100	15258
P0A604200	51783
P0A604300	2258
P0A604400	1495
P0A604401	744.562
P0A604402	1314
P0A604500	3147
P0A604501	2117.012
P0A605100	10860
P0A606000	10706
P0A606100	10431
P0A606200	6746
P0A606700	1297
P0A606900	15175
P0A607000	10572
P0A607102	2938
P0A607103	4026.179
P0A607105	2919
P0A607301	30495
P0A607400	2313
P0A607403	720
P0A608600	1872
P0A608800	4339
P0A608801	3904
P0A609500	1982
P0A609600	22662
P0A611800	2397
P0A612200	30406
P0A612300	9403
P0A612301	15457
P0A612400	4212
P0A612500	59646
P0A612501	64359
P0A612700	1967
P0A612800	3034
P0A615500	18049
P0A616000	10033
P0A616100	6845
P0A616600	2452
P0A617000	19557
P0A617400	16778
P0A618000	2292
P0A618100	11149
P0A618300	26177
P0A620100	5258
P0A620300	5089
P0A621800	1774
P0A621900	4126
P0A622000	2135
P0A622200	2566
P0A622502	8860
P0A622600	8675
P0A622800	14632
P0A624101	23829.109
P0A624200	4453
P0A624400	6935
P0A624601	3633.282
P0A624602	7865
P0A625500	26622
P0A625600	6780
P0A625700	3646
P0A625800	3441
P0A626604	3212
P0A626700	27080
P0A626800	26565
P0A627600	7709
P0A627700	10752
P0A627800	20872
P0A627900	4113
P0A629500	10305
P0A629600	57357
P0E001300	200
P0E003900	1300
P0E018300	200
P0E019000	378
P0E022300	1090
P0E027300	920
P0E070700	932
P0E070900	890
PZA112600	3023
PZYA1575000	2319
PZYA1650100	27069
PZYA1650102	40186
PZYA1650103	40186
PZYA1650200	30592
PZYA1655100	11371
PZYA1664100	15782
PZYA1700000	32425
PZYA1700001	28718
P0A609700	35406
P0A609800	17992
P0A609900	4381
P0A611100	5251
P0A611400	797
P0A611500	15423
P0A611600	16275
P0A611602	16072
P0A611700	4267
P0A612900	1718
P0A613100	2857
P0A614400	57985
P0A614500	42283
P0A614600	43254
P0A614700	16473
P0A614903	3149.088
P0A615000	3734
P0A615204	29476
P0A618400	6761
P0A618401	13861
P0A618402	13864
P0A618500	6075
P0A618601	12655
P0A618900	3485
P0A619300	20017
P0A619800	33233
P0A620000	5724
P0A622801	13068
P0A623000	1326
P0A623200	3749
P0A623201	4412
P0A623202	4027
P0A623203	4148
P0A623300	1515
P0A623301	1477
P0A624100	23836
P0A625900	3175
P0A626000	3441
P0A626400	13709
P0A626404	13867
P0A626405	18067
P0A626500	3672
P0A626502	1941
P0A626506	3291
P0A626510	3488
P0A630300	5365
P0A630400	10352
P0A632300	17817
P0A632400	4970
P0A632401	1319.161
P0A634101	12105
P0A634700	9646
P0A634800	10723
P0A634900	3042
PZA142701	19761
PZA142702	19294
PZA177200	2678
PZA196100	1415
PZA197600	1955
PZYA1439015	1465
PZYA1472001	9992
PZYA1473001	6328
PZYA1492000	3436
PZYA1701000	12109
PZYA1701001	10802
PZYA1701002	11970
PZYA1701003	10663
PZYA1702000	25839
PZYA1703000	4875
PZYA1704001	3684
PZYA1705000	1742
PZYA1705001	2441
PZYA1706000	2750
PZYA1707000	2963
PZYA1707001	3672
PZYA1714007	18604
PZZA0024308	36888
PZZA0048103	15834
PZZA0048104	23807
PZZA0049803	15886
PZZA0050030	35433
PZZA00944P8	71543
PZZA00944P9	44451
PZZA00944Q0	56031
PZZA00944Q1	92919
PZZA00944Q2	92915
PZZA0095603	16988
PZZA0096301	14095
PZZA0102806	25692
PZZA0108632	0
PZZA0108633	0
PZZA0109377	22256
PZZA0109378	7525
PZZA0109379	22391
PZZA0112357	10312
PZZA0112360	7724
PZZA0119326	25878
PZZA0119327	18012
PZZA01280F2	43965
PZZA01280F4	22011
PZZA01280F6	44175
PZZA0170123	18255
PZZA0170124	27264
PZZA0174935	30594
PZZA0174936	41978
PZZA0175239	24386
PZZA0175240	24458
PZZA0175303	10586
PZZA0177489	10148
PZZA0177803	18135
PZZA0220221	12471
PZZA02228C1	33091
PZZA02228C2	18613
PZZA02228C3	18605
PZZA02228C6	36376
PZZA02228C7	18597
PZZA02228C8	35237
PZZA02228C9	15451
PZZA02228D0	35047
PZZA02228E0	28433
PZZA02228E1	35276
PZZA02228E2	35102
PZZA02228E3	32111
PZZA02228E4	35241
PZZA02228E6	35230
PZZA02228E8	35147
PZZA02228E9	36372
PZZA02228F0	36354
PZZA0259604	1888
PZZA0259906	2419
PZZA0263628	21874
PZZA0264103	7277
PZZA0265812	19408
PZZA0265813	19417
PZZA0265908	22949
PZZA0279009	2867
PZZA0279860	23651
PZZA0297636	5886
PZZA0297637	5880
PZZA0297638	5872
PZZA0297639	5890
PZZA0297641	18362
PZZA0306601	5407
PZZA0308103	4053
PZZA0308707	9205
PZZA0308708	10087
PZZA0051306	3263
PZZA0051307	3314
PZZA0055901	5831
PZZA0059215	11839
PZZA0060711	33589
PZZA0061701	11712
PZZA0062104	21339
PZZA0062204	17457
PZZA0062205	17457
PZZA00944P7	45068
PZZA0108634	68911
PZZA0109369	22473
PZZA0109370	22112
PZZA0109371	22059
PZZA0109372	22058
PZZA0109373	21407
PZZA0109374	21134
PZZA0109375	21125
PZZA0109376	22605
PZZA01280F7	25533
PZZA01280F8	43809
PZZA01280F9	45114
PZZA01280G0	45319
PZZA01280G3	44133
PZZA01280G4	45165
PZZA01280G5	45173
PZZA01280G6	45159
PZZA01280G7	44259
PZZA01280G8	25533
PZZA0197623	1491
PZZA0197624	1450
PZZA0210504	3483
PZZA0219610	2030
PZZA0219612	2140
PZZA0220216	3958
PZZA0220217	3312
PZZA0220218	9358
PZZA0220219	9397
PZZA0220220	1326
PZZA02228D1	18597
PZZA02228D2	12187
PZZA02228D3	12196
PZZA02228D4	12500
PZZA02228D5	35407
PZZA02228D6	18600
PZZA02228D7	35148
PZZA02228D8	15200
PZZA02228D9	35146
PZZA02228F1	33099
PZZA02228F7	33570
PZZA02228F8	14961
PZZA0227807	22432
PZZA0227808	22439
PZZA0227809	27042
PZZA0230805	7085
PZZA0245509	2323
PZZA0246203	9031
PZZA0279861	29435
PZZA0279863	26610
PZZA0279928	15000
PZZA0286424	35871
PZZA0286425	29157
PZZA0286426	39713
PZZA0293169	57418
PZZA0293170	57449
PZZA0297635	5885
PZZA0310804	42184
PZZA0321902	1329
PZZA0321903	500
PZZA0327907	5756
PZZA0327908	8876
PZZA0327909	8916
PZZA0336208	3524
PZZA0336209	2685.185
PZZA0336303	1543.982
PZZA0336608	1114
PZZA0336609	939.815
PZZA0336708	533.655
PZZA0336709	533.655
PZZA0338905	2570.614
PZZA0338906	4266
PZZA0338907	4870
PZZA0342909	9201
PZZA0342910	8053
PZZA0357138	57760
PZZA0357139	62500
PZZA0357140	54507
PZZA0357142	64016
PZZA0357143	51146
PZZA0360014	13495
PZZA0360202	13981
PZZA0360501	5510
PZZA0360503	10263
PZZA0387522	59478
PZZA0387523	0
PZZA0387524	59832
PZZA0387525	55122
PZZA0392715	2362
PZZA0394101	4120
PZZA0397223	8161
PZZA0397224	9089
PZZA0397225	17481
PZZA0397310	26289
PZZA0397312	36111
PZZA0435654	8166
PZZA0435656	12526
PZZA0435657	12511
PZZA0436013	3193
PZZA0436014	1692
PZZA0436015	6312
PZZA0440926	52632
PZZA0446103	6919
PZZA0448103	13818
PZZA0454918	4708
PZZA0455004	3165
PZZA0455702	2768
PZZA0460551	4462
PZZA0460552	12680
PZZA0460553	12680
PZZA0460554	12684
PZZA04648E4	8167
PZZA04648E5	9909
PZZA04648E7	8200
PZZA04648E9	9278
PZZA04648F0	10666
PZZA0466129	16076
PZZA0466130	9090
PZZA0466131	12193
PZZA0466132	12765
PZZA0466133	9036
PZZA0471504	2210
PZZA0473103	43968
PZZA0474004	4819
PZZA0474005	3430
PZZA0474107	3966
PZZA0474108	3109
PZZA0474109	2562
PZZA0474110	2748
PZZA0481916	12242
PZZA0494218	5168
PZZA0496107	14630
PZZA0496108	14823
PZZA0498101	13394
PZZA0498407	2510.53
PZZA0498408	4797
PZZA0498409	4454
PZZA0498410	4641
PZZA0501210	1062
PZZA0344829	34211
PZZA0344830	25106.482
PZZA0344906	9723
PZZA0344907	5370.371
PZZA0347016	12848
PZZA0353004	4336
PZZA0357135	63390
PZZA0357136	23617
PZZA0357137	61958
PZZA0360504	9948
PZZA0367506	2972
PZZA0367603	1501
PZZA0367604	2200
PZZA0367605	1547
PZZA0387518	60955
PZZA0387519	55123
PZZA0387520	55127
PZZA0387521	61453
PZZA0397227	9089
PZZA0397230	3840
PZZA0397231	54127
PZZA0397233	54909
PZZA0397234	6024
PZZA0397235	57797
PZZA0397236	58401
PZZA0397237	61010
PZZA0397238	57817
PZZA0440927	46024
PZZA0440928	53677
PZZA0440929	55096
PZZA0440930	55111
PZZA0441013	5369
PZZA0441014	5074
PZZA0442001	1285.602
PZZA0444606	22199
PZZA0445823	33007
PZZA0460555	12545
PZZA0460556	0
PZZA0460557	12688
PZZA0461006	1631
PZZA04648D7	8965
PZZA04648D8	9932
PZZA04648E1	10237
PZZA04648E2	4482.835
PZZA04648E3	3385
PZZA0466134	14654
PZZA0466135	16442
PZZA0466136	16439
PZZA0466137	17709
PZZA0466138	17384
PZZA0467501	6981
PZZA0471202	4602
PZZA0471203	4579
PZZA0471503	2144
PZZA0481917	1983.686
PZZA0481918	2209.075
PZZA0481921	3834
PZZA0481922	3839
PZZA0490905	4899
PZZA0490906	5383
PZZA0491203	1122
PZZA0491715	2169.503
PZZA0494217	6911
PZZA0501211	1271
PZZA0504704	3581
PZZA0504705	3753
PZZA0505144	32383
PZZA0505145	49466
PZZA0506003	3217
PZZA0506004	3896
PZZA0506005	5105
PZZA0506006	3896
PZZA0506509	26085
PZZA0506510	28371
PZZA0506512	28144
PZZA0506513	24810
PZZA0506514	21520
PZZA0506515	25519
PZZA0506516	25506
PZZA0506517	25696
PZZA0506518	24446
PZZA0506528	30165
PZZA0506529	28143
PZZA0506530	25062
PZZA0506531	29497
PZZA0506532	26813
PZZA0506533	33482
PZZA0506534	26331
PZZA0506535	28278
PZZA0506536	30895
PZZA0507552	113265
PZZA0507553	107164
PZZA0507554	96721
PZZA0507555	105587
PZZA0507556	93249
PZZA0507616	118184
PZZA0507617	99891
PZZA0507621	101505
PZZA0507622	89006
PZZA0507706	18161
PZZA0508110	6453
PZZA0508111	6021
PZZA0509802	1924
PZZA0512002	3453
PZZA0512101	6624
PZZA0512813	4995
PZZA0512814	6638
PZZA0512815	4992
PZZA0525207	2456
PZZA0525208	2753
PZZA0525408	2191
PZZA0525409	2236
PZZA0525601	1808
PZZA0526105	3399
PZZA0527901	4329
PZZA0530103	32117
PZZA0530104	50393
PZZA0530209	50759
PZZA0530210	50492
PZZA0530212	50492
PZZA0530213	46457
PZZA0530214	47874
PZZA0530215	46705
PZZA0530216	47238
PZZA0530217	38216
PZZA0530219	47854
PZZA0530901	8101
PZZA0531001	5984
PZZA0532016	24697
PZZA0532017	25486
PZZA0532018	12456
PZZA0532019	12038
PZZA0532020	23257
PZZA0532021	23998
PZZA0532022	12452
PZZA0532032	12034
PZZA0532033	12454
PZZA0532034	12454
PZZA0532036	12452
PZZA0532037	9873
PZZA0532038	12444
PZZA0532039	12446
PZZA0532040	26983
PZZA0532041	9898
PZZA0532042	26987
PZZA0532043	24586
PZZA0532044	24386
PZZA0532045	12488
PZZA0532046	24848
PZZA0532047	21352
PZZA0532048	17947
PZZA0532049	8485
PZZA0532050	11076
PZZA0532051	8493
PZZA0532052	21158
PZZA0532053	11077
PZZA0532054	8498
PZZA0532055	22522
PZZA0532056	21169
PZZA0532057	21966
PZZA0532058	21432
PZZA0532059	22388
PZZA0532071	9904
PZZA0532072	26992
PZZA0532073	9911
PZZA0532074	27013
PZZA0532075	12493
PZZA0532076	27198
PZZA0532077	21046
PZZA0532078	29963
PZZA0532079	9921
PZZA0532089	9854
PZZA0532090	9904
PZZA0532091	25324
PZZA0532092	24071
PZZA0532093	9923
PZZA0532094	27546
PZZA0532095	25276
PZZA0532096	30391
PZZA0532097	9921
PZZA05320A7	23774
PZZA05320A8	9903
PZZA05320A9	9928
PZZA05320B0	9954
PZZA05320B3	8489
PZZA05320B4	12448
PZZA05320B5	9874
PZZA05320B6	9874
PZZA05320B7	25559
PZZA05320C9	22105
PZZA05320D0	25293
PZZA05320D1	24277
PZZA05320D2	23984
PZZA05320D3	24394
PZZA05320D4	24604
PZZA05320D5	25282
PZZA05320D6	21959
PZZA05320D7	25541
PZZA05320E7	24936
PZZA05320E8	22409
PZZA05320E9	25000
PZZA05320F0	22413
PZZA05320F1	23976
PZZA05320F2	25011
PZZA05320F3	25333
PZZA05320F4	20937
PZZA05320F5	21008
PZZA05320G6	24017
PZZA05320G7	19959
PZZA05320G8	29277
PZZA05320H0	31295
PZZA0533904	15387
PZZA0534005	22046
PZZA0534101	12632
PZZA0535805	1130
PZZA0535806	1130
PZZA0537302	27083
PZZA0537405	11069
PZZA0537406	11042
PZZA0537407	12359
PZZA0537408	11054
PZZA0537409	11054
PZZA0537410	11080
PZZA0537411	13690
PZZA0537603	86237
PZZA0537627	86384
PZZA0537628	85716
PZZA0537706	20848
PZZA0537708	9055
PZZA0537709	8868
PZZA0537710	21797
PZZA0537711	18637
PZZA0537712	8862
PZZA0537713	7740
PZZA0537714	18745
PZZA0537715	18322
PZZA0537716	18288
PZZA0537717	18355
PZZA0537718	18631
PZZA0537719	23512
PZZA0538402	1693
PZZA0539306	31846
PZZA0539407	5263.5
PZZA0544013	123398
PZZA0544015	123124
PZZA0544832	7152
PZZA0545204	4204
PZZA0545205	4558
PZZA0546003	1320
PZZA0546404	23339
PZZA0546611	44323
PZZA0546612	45514
PZZA0552511	32306
PZZA0552512	32319
PZZA0552739	3350
PZZA0552741	6063
PZZA0552742	4421.755
PZZA0552745	4698
PZZA0553623	27421
PZZA0553627	28297
PZZA0553901	37238.72
PZZA0554506	6864
PZZA0554508	8946
PZZA0554509	13575
PZZA0554510	13137
PZZA0554511	11055
PZZA0554512	11070
PZZA0554813	10171.171
PZZA0554819	21765
PZZA0554928	10887
PZZA0557310	19750
PZZA0557312	9029
PZZA0557326	19748
PZZA0557438	4486
PZZA0557440	3561
PZZA0557442	19210
PZZA0557444	19408
PZZA0557446	19476
PZZA0557448	3085
PZZA0557502	15983
PZZA0557810	28018
PZZA0559408	12570
PZZA0559410	14819
PZZA0559709	5152.6
PZZA0560008	7673.88
PZZA0560107	6445
PZZA0560108	11667
PZZA0560410	9759
PZZA0562702	619.865
PZZA0563006	2404.239
PZZA0563007	7360
PZZA0564706	28024
PZZA0565922	3342
PZZA0568608	9911.617
PZZA0568609	10729.565
PZZA0569408	6256.515
PZZA0569409	9432.033
PZZA0574605	2323
PZZA0576901	3490.833
PZZA0577004	8951.331
PZZA0578003	4025.062
PZZA0578004	10391
PZZA0578201	4028.635
PZZA0578301	539.27
PZZA0584902	2110
PZZA0585804	1790
PZZA0539408	7116
PZZA0539409	5950
PZZA0540705	3105
PZZA0542706	26411
PZZA0542710	26172
PZZA0542712	15000
PZZA0542713	7000
PZZA0542714	25942
PZZA0544008	124265
PZZA0546703	2852.546
PZZA0547911	1766
PZZA0548203	7870
PZZA0549906	1430.237
PZZA0549910	1612
PZZA0550202	1427
PZZA0552508	31865
PZZA0552509	31867
PZZA0552510	32306
PZZA0554101	2707.736
PZZA0554201	709.9
PZZA0554301	2748.648
PZZA0554302	5682
PZZA0554304	0
PZZA0554501	2734
PZZA0554502	11072
PZZA0554503	6941.15
PZZA0554504	0
PZZA0554505	4787
PZZA0554929	30592
PZZA0554932	11040
PZZA0555103	721.881
PZZA0556903	7497.951
PZZA0556905	8282
PZZA0557005	881.572
PZZA0557302	13083
PZZA0557304	12292
PZZA0557306	12292
PZZA0557452	13983
PZZA0557454	16868
PZZA0557456	16780
PZZA0557460	18823
PZZA0557464	19469
PZZA0557474	17149
PZZA0557478	19186
PZZA0557480	20118
PZZA0557482	19231
PZZA0560504	2721.564
PZZA0560604	4857
PZZA0560706	8970.615
PZZA0560708	7673.88
PZZA0560905	2259.046
PZZA0561012	19971
PZZA0561014	21186
PZZA0561016	29974
PZZA0561017	28907
PZZA0570802	9457
PZZA0572004	1831.554
PZZA0572005	1747.37
PZZA0572006	1799.304
PZZA0572102	2226
PZZA0573512	24781
PZZA0573612	25114
PZZA0574502	10083
PZZA0574604	1000
PZZA0574605	2323
PZZA0576901	3490.833
PZZA0586301	6295
PZZA0587301	7589
PZZA0588001	20236
PZZA0588204	46189
PZZA0588205	53412
PZZA0588802	12259
PZZA0588904	7430
PZZA0588905	14246
PZZA0589904	11978
PZZA0589905	12401
PZZA0589906	12401
PZZA0590002	12374
PZZA0590003	12160
PZZA0590501	1336.323
PZZA0590711	2672.742
PZZA0590715	2124
PZZA0590716	7678
PZZA0592203	20047
PZZA0592506	30925
PZZA0592705	1920
PZZA0595202	39766
PZZA0595203	20142
PZZA0595901	14437
PZZA0595902	8867
PZZA0596903	8709
PZZA0596904	8883
PZZA0596905	8920
PZZA0602704	592
PZZA0602705	266
PZZA0602706	292
PZZA0602707	461
PZZA0602708	359
PZZA0602905	37514
PZZA0602906	33754
PZZA0604101	14818
PZZA0604404	1204
PZZA0604509	2472
PZZA0604902	1282
PZZA0604904	1297
PZZA0604906	1573
PZZA0605006	13511
PZZA0605010	28433
PZZA0605102	13421
PZZA0605104	12898
PZZA0605108	12859
PZZA0607014	9974
PZZA0607015	2780
PZZA0607017	9192
PZZA0607018	4987
PZZA0607019	4984
PZZA0607020	10436
PZZA0607021	10236
PZZA0607022	9192
PZZA0607023	6421
PZZA0608802	4009
PZZA0608803	4504
PZZA0609601	21406
PZZA0609602	38475
PZZA0609603	22674
PZZA0609701	36381
PZZA0609702	30489
PZZA0609703	21925
PZZA0609704	27098
PZZA0616003	21886
PZZA0616102	5936
PZZA0616801	21555
PZZA0617003	9112
PZZA0618001	1885
PZZA0618003	899
PZZA0618301	17521.8
PZZA0618303	21915
PZZA0618304	22964
PZZA0618412	13871
PZZA0618413	13902
PZZA0618414	13869
PZZA0618415	13871
PZZA0618416	13871
PZZA0618417	13871
PZZA0618418	13871
PZZA0618419	13865
PZZA0618420	13865
PZZA0618421	13883
PZZA0618431	13691
PZZA0618432	11195
PZZA0618433	17343
PZZA0618434	14711
PZZA0618435	13694
PZZA0618436	13693
PZZA0618437	13692
PZZA0618438	13863
PZZA0618602	11896
PZZA0619803	35014
PZZA0619804	38758
PZZA0620103	7958
PZZA0620104	8400
PZZA0620302	6352
PZZA0622504	9577
PZZA0622505	12053
PZZA0622601	7100.302
PZZA0622602	13535
PZZA0625603	6787
PZZA0625604	6787
PZZA0625605	6785
PZZA0625606	6575
PZZA0625607	6781
PZZA0626406	15673
PZZA0626407	35887
PZZA0626512	2069
PZZA0626513	1884
PZZA0626802	27840
PZZA0626821	27414
PZZA0627801	7730.649
PZZA0627901	1901.111
PZZA0629904	12656
PZZA0632402	845
PZZA0632403	1311.584
PZZA0632404	2719
PZZA0632405	2678
PZZA0622802	24451
PZZA0622803	8983.503
PZZA0623204	5774
PZZA0623205	5939
PZZA0624102	28211
PZZA0624202	2580
PZZA0624203	5032
PZZA0625601	6785
PZZA0625602	6782
PZZA0626515	1376
PZZA0626605	2136
PZZA0626606	4582
PZZA0626702	26999
PZZA0626703	27072
PZZA0626704	26999
PZZA0626705	27072
PZZA0626706	27072
PZZA0626707	24871
PZZA0632406	4627
PZZA0634901	2610
U00A0072100	101131
